ID,Name
5b19d34faf4ff60011d6ea52,Nguyen Tat Thanh - Ton Dan
63ae777cbfd3d90017e8f177,Nguyen Tat Thanh - Doan Nhu Hai
5deb576d1dc17d7c5515ad0f,Nguyen Thi Minh Khai - Truong Dinh
58af994abd82540010390c37,Nguyen Huu Canh - Ton Duc Thang
5deb576d1dc17d7c5515ad01,Vo Thi Sau - Hai Ba Trung
6623e7b76f998a001b25242d,Dinh Bo Linh - Bui Dinh Tuy
5a6060e08576340017d0660f,Nguyen Thai Son - Phan Van Tri 2
595d9b3b3dcfc400106f287e,Quoc Lo 1 - An Phu Dong 12
63b66051bfd3d90017eaa4a3,No Trang Long - Phan Van Tri
5a8253bc5058170011f6eac1,Dinh Bo Linh - Bach Dang 2
66b1c426779f74001867415e,Dien Bien Phu - Nguyen Gia Tri
6623ecc16f998a001b25269e,Nguyen Oanh - Nguyen Van Luong
6623ee176f998a001b25270c,Phan Van Tri - Le Duc Tho
5d8cd70e766c88001718894e,Pham Van Dong - Nguyen Xi
662b85481afb9c00172dd0f1,Vo Van Kiet - Pasteur
56de42f611f398ec0c481287,Vo Van Kiet - Ky Con
662b811d1afb9c00172dcc1d,Tran Hung Dao - Nguyen Cu Trinh
662b7d0c1afb9c00172dc6a6,Cong Quynh - Bui Vien
65e0556b6b18080018db665e,Nguyen Thai Hoc - Pham Ngu Lao
662b85f51afb9c00172dd1c2,Nguyen Thi Nghia - Le Lai
63ae75a3bfd3d90017e8f051,Cong Quynh - Pham Viet Chanh
56de42f611f398ec0c481284,Nguyen Thi Minh Khai - Nguyen Thien Thuat
5deb576d1dc17d7c5515acf7,Nut Giao Nga 6 Cong Hoa
6623e3566f998a001b25226d,Le Van Sy - Truong Sa
662b58401afb9c00172d90f5,Hoang Van Thu - Bui Thi Xuan
587476e3b807da0011e33cee,Cong Hoa - Ut Tich 1
5deb576d1dc17d7c5515ad08,Cong Hoa - Tan Ky Tan Quy
586e25e1f9fab7001111b0ae,Truong Chinh - Tan Ky Tan Quy
6623f14b6f998a001b2527f0,Tan Ky Tan Quy - Le Trong Tan
5d8cdc57766c88001718896e,Ly Thuong Kiet - Lac Long Quan
66b1c370779f7400186740b3,Thanh Thai - To Hien Thanh
66b1c34d779f74001867409e,3 Thang 2 - Thanh Thai
66f126e8538c780017c9362f,Nguyen Chi Thanh - Nguyen Kim
56de42f611f398ec0c48128d,Hai Thuong Lan Ong - Cau Cha Va
58af994abd82540010390c37,Nguyen Huu Canh - Ton Duc Thang
5deb576d1dc17d7c5515ad1e,Pasteur - Ham Nghi
662b86551afb9c00172dd227,Tran Hung Dao - Calmette
6623e43e6f998a001b2522cb,Nguyen Thi Minh Khai - Ba Huyen Thanh Quan
6623e9e96f998a001b2525ce,Phan Dinh Phung - Huynh Van Banh
5d8cdb9f766c880017188968,Hoang Van Thu - Tran Huy Lieu
662b56c51afb9c00172d9071,Bach Dang - Dang Van Sam
56f8d743025e9511002786c5,Truong Son - Ga Quoc Noi 1
66b1c4e7779f7400186741e4,Hoang Van Thu - Pham Van Hai
662b5a401afb9c00172d91fc,Truong Chinh - Nguyen Hong Dao
6623f0576f998a001b2527ac,Au Co - Thoai Ngoc Hau
6623f1046f998a001b2527db,Luy Ban Bich - Thoai Ngoc Hau
6623f0b46f998a001b2527c3,Hoa Binh - Luy Ban Bich
662b50e51afb9c00172d886a,Ba Hom - An Duong Vuong
66b1c3c2779f740018674125,Vong Xoay Mui Tau Phu Lam
